{
    "assets": {
        "bomb_image": {"type": "image", "source": "assets/images/bomb.png"},
        "background_image": {"type": "image", "source": "assets/images/background.png"},
        "sword_image": {"type": "image", "source": "assets/images/sword.png"},
        "particle_image": {"type": "image", "source": "assets/images/particle.png"},
        "fruits_spritesheet": {"type": "spritesheet", "source": "assets/images/fruits.png", "frame_width": 28, "frame_height": 28}
    },
    "groups": [
        "background",
        "spawners",
        "fruits",
        "bombs",
        "special_fruits",
        "cuts",
        "hud"
    ],
    "prefabs": {
        "background": {
            "type": "background",
            "position": {"x": 0, "y": 0},
            "properties": {
                "texture": "background_image",
                "group": "background"
            }
        },
        "fruit_spawner": {
            "type": "fruit_spawner",
            "position": {"x": 0, "y": 0},
            "properties": {
                "texture": "",
                "group": "spawners",
                "pool": "fruits",
                "spawn_time": {"min": 1, "max": 3},
                "velocity_x": {"min": -100, "max": 100},
                "velocity_y": {"min": 850, "max": 1000},
                "frames": [20, 21, 23, 35, 38]
            }
        },
        "bomb_spawner": {
            "type": "bomb_spawner",
            "position": {"x": 0, "y": 0},
            "properties": {
                "texture": "",
                "group": "spawners",
                "pool": "bombs",
                "spawn_time": {"min": 1, "max": 3},
                "velocity_x": {"min": -100, "max": 100},
                "velocity_y": {"min": 850, "max": 1000}
            }
        },
        "special_fruit_spawner": {
            "type": "special_fruit_spawner",
            "position": {"x": 0, "y": 0},
            "properties": {
                "texture": "",
                "group": "spawners",
                "pool": "special_fruits",
                "spawn_time": {"min": 5, "max": 10},
                "velocity_x": {"min": -100, "max": 100},
                "velocity_y": {"min": 850, "max": 1000}
            }
        }
    }
}