{
    "tiles": {
        "obstacles": {
            "layer": "collision",
            "number": {"min": 3, "max": 5},
            "sizes": [{"x": 1, "y": 1}, {"x": 1, "y": 2}, {"x": 1, "y": 3}, {"x": 2, "y": 1}, {"x": 3, "y": 1}],
            "possible_tiles": [10]
        }
    },
    "prefabs": {
        "enemies": {
            "number": {"min": 1, "max": 3},
            "possible_prefabs": [
                {
                    "prefab": "enemy",
                    "properties": {"texture": "enemy_image", "group": "enemies"}
                }
            ]
        }
    }
}
