{ "height":15,
 "layers":[
        {
         "data":[3, 3, 3, 3, 3, 3, 3, 3, 3, 3, 3, 3, 3, 3, 3, 3, 3, 3, 3, 3, 3, 3, 3, 3, 3, 3, 3, 3, 3, 3, 3, 3, 3, 3, 3, 3, 3, 3, 3, 3, 3, 3, 3, 3, 3, 3, 3, 3, 3, 3, 3, 3, 3, 3, 3, 3, 3, 3, 3, 3, 3, 3, 3, 3, 3, 3, 3, 3, 3, 3, 3, 3, 3, 3, 3, 3, 3, 3, 3, 3, 3, 3, 3, 3, 3, 3, 3, 3, 3, 3, 3, 3, 3, 3, 3, 3, 3, 3, 3, 3, 3, 3, 3, 3, 3, 3, 3, 3, 3, 3, 3, 3, 3, 3, 3, 3, 3, 3, 3, 3, 3, 3, 3, 3, 3, 3, 3, 3, 3, 3, 3, 3, 3, 3, 3, 3, 3, 3, 3, 3, 3, 3, 3, 3, 3, 3, 3, 3, 3, 3, 3, 3, 3, 3, 3, 3, 3, 3, 3, 3, 3, 3, 3, 3, 3, 3, 3, 3, 3, 3, 3, 3, 3, 3, 3, 3, 3, 3, 3, 3, 3, 3, 3, 3, 3, 3, 3, 3, 3, 3, 3, 3, 3, 3, 3, 3, 3, 3, 3, 3, 3, 3, 3, 3, 3, 3, 3, 3, 3, 3, 3, 3, 3, 3, 3, 3, 3, 3, 3, 3, 3, 3, 3, 3, 3],
         "height":15,
         "name":"background",
         "opacity":1,
         "type":"tilelayer",
         "visible":true,
         "width":15,
         "x":0,
         "y":0
        }, 
        {
         "data":[5, 5, 5, 5, 5, 5, 5, 0, 5, 5, 5, 5, 5, 5, 5, 5, 0, 0, 0, 0, 0, 0, 0, 0, 0, 0, 0, 0, 0, 5, 5, 0, 0, 0, 0, 0, 0, 0, 0, 0, 0, 0, 0, 0, 5, 5, 0, 0, 0, 0, 0, 0, 0, 0, 0, 0, 0, 0, 0, 5, 5, 0, 0, 0, 0, 0, 0, 0, 0, 0, 0, 0, 0, 0, 5, 5, 0, 0, 0, 0, 0, 0, 0, 0, 0, 0, 0, 0, 0, 5, 5, 0, 0, 0, 0, 0, 0, 0, 0, 0, 0, 0, 0, 0, 5, 0, 0, 0, 0, 0, 0, 0, 0, 0, 0, 0, 0, 0, 0, 0, 5, 0, 0, 0, 0, 0, 0, 0, 0, 0, 0, 0, 0, 0, 5, 5, 0, 0, 0, 0, 0, 0, 0, 0, 0, 0, 0, 0, 0, 5, 5, 0, 0, 0, 0, 0, 0, 0, 0, 0, 0, 0, 0, 0, 5, 5, 0, 0, 0, 0, 0, 0, 0, 0, 0, 0, 0, 0, 0, 5, 5, 0, 0, 0, 0, 0, 0, 0, 0, 0, 0, 0, 0, 0, 5, 5, 0, 0, 0, 0, 0, 0, 0, 0, 0, 0, 0, 0, 0, 5, 5, 5, 5, 5, 5, 5, 5, 5, 5, 5, 5, 5, 5, 5, 5],
         "height":15,
         "name":"collision",
         "opacity":1,
         "properties":
            {
             "collision":"true"
            },
         "type":"tilelayer",
         "visible":true,
         "width":15,
         "x":0,
         "y":0
        }, 
        {
         "height":15,
         "name":"objects",
         "objects":[
                {
                 "height":40,
                 "name":"hero",
                 "properties":
                    {
                     "group":"heroes",
                     "texture":"hero_spritesheet",
                     "walking_speed":"150"
                    },
                 "type":"hero",
                 "visible":true,
                 "width":40,
                 "x":280,
                 "y":280
                }, 
                {
                 "height":40,
                 "name":"door_W",
                 "properties":
                    {
                     "direction":"W",
                     "group":"doors",
                     "texture":""
                    },
                 "type":"door",
                 "visible":true,
                 "width":40,
                 "x":0,
                 "y":280
                }, 
                {
                 "height":40,
                 "name":"door_N",
                 "properties":
                    {
                     "direction":"N",
                     "group":"doors",
                     "texture":""
                    },
                 "type":"door",
                 "visible":true,
                 "width":40,
                 "x":280,
                 "y":0
                }, 
                {
                 "height":40,
                 "name":"door_E",
                 "properties":
                    {
                     "direction":"E",
                     "group":"doors",
                     "texture":""
                    },
                 "type":"door",
                 "visible":true,
                 "width":40,
                 "x":560,
                 "y":280
                }],
         "opacity":1,
         "type":"objectgroup",
         "visible":true,
         "width":15,
         "x":0,
         "y":0
        }],
 "orientation":"orthogonal",
 "properties":
    {

    },
 "tileheight":40,
 "tilesets":[
        {
         "firstgid":1,
         "image":"..\/images\/terrains.png",
         "imageheight":80,
         "imagewidth":320,
         "margin":0,
         "name":"terrains",
         "properties":
            {

            },
         "spacing":0,
         "tileheight":40,
         "tilewidth":40
        }],
 "tilewidth":40,
 "version":1,
 "width":15
}