{ "height":15,
 "layers":[
        {
         "data":[2, 2, 2, 2, 2, 2, 2, 2, 2, 2, 2, 2, 2, 2, 2, 2, 2, 2, 2, 2, 2, 2, 2, 2, 2, 2, 2, 2, 2, 2, 2, 2, 2, 2, 2, 2, 2, 2, 2, 2, 2, 2, 2, 2, 2, 2, 2, 2, 2, 2, 2, 2, 2, 2, 2, 2, 2, 2, 2, 2, 2, 2, 2, 2, 2, 2, 2, 2, 2, 2, 2, 2, 2, 2, 2, 2, 2, 2, 2, 2, 2, 2, 2, 2, 2, 2, 2, 2, 2, 2, 2, 2, 2, 2, 2, 2, 2, 2, 2, 2, 2, 2, 2, 2, 2, 2, 2, 2, 2, 2, 2, 2, 2, 2, 2, 2, 2, 2, 2, 2, 2, 2, 2, 2, 2, 2, 2, 2, 2, 2, 2, 2, 2, 2, 2, 2, 2, 2, 2, 2, 2, 2, 2, 2, 2, 2, 2, 2, 2, 2, 2, 2, 2, 2, 2, 2, 2, 2, 2, 2, 2, 2, 2, 2, 2, 2, 2, 2, 2, 2, 2, 2, 2, 2, 2, 2, 2, 2, 2, 2, 2, 2, 2, 2, 2, 2, 2, 2, 2, 2, 2, 2, 2, 2, 2, 2, 2, 2, 2, 2, 2, 2, 2, 2, 2, 2, 2, 2, 2, 2, 2, 2, 2, 2, 2, 2, 2, 2, 2, 2, 2, 2, 2, 2, 2],
         "height":15,
         "name":"background",
         "opacity":1,
         "type":"tilelayer",
         "visible":true,
         "width":15,
         "x":0,
         "y":0
        }, 
        {
         "data":[92, 76, 76, 76, 76, 76, 76, 76, 76, 76, 76, 76, 76, 76, 92, 92, 0, 0, 0, 0, 0, 0, 0, 0, 0, 0, 0, 0, 0, 92, 92, 0, 76, 0, 76, 0, 76, 0, 76, 0, 76, 0, 76, 0, 92, 92, 0, 0, 0, 0, 0, 0, 0, 0, 0, 0, 0, 0, 0, 92, 92, 0, 76, 0, 76, 0, 76, 0, 76, 0, 76, 0, 76, 0, 92, 92, 0, 0, 0, 0, 0, 0, 0, 0, 0, 0, 0, 0, 0, 92, 92, 0, 76, 0, 76, 0, 76, 0, 76, 0, 76, 0, 76, 0, 92, 92, 0, 0, 0, 0, 0, 0, 0, 0, 0, 0, 0, 0, 0, 92, 92, 0, 76, 0, 76, 0, 76, 0, 76, 0, 76, 0, 76, 0, 92, 92, 0, 0, 0, 0, 0, 0, 0, 0, 0, 0, 0, 0, 0, 92, 92, 0, 76, 0, 76, 0, 76, 0, 76, 0, 76, 0, 76, 0, 92, 92, 0, 0, 0, 0, 0, 0, 0, 0, 0, 0, 0, 0, 0, 92, 92, 0, 76, 0, 76, 0, 76, 0, 76, 0, 76, 0, 76, 0, 92, 92, 0, 0, 0, 0, 0, 0, 0, 0, 0, 0, 0, 0, 0, 92, 76, 76, 76, 76, 76, 76, 76, 76, 76, 76, 76, 76, 76, 76, 76],
         "height":15,
         "name":"walls",
         "opacity":1,
         "properties":
            {
             "collision":"true"
            },
         "type":"tilelayer",
         "visible":true,
         "width":15,
         "x":0,
         "y":0
        }, 
        {
         "data":[0, 0, 0, 0, 0, 0, 0, 0, 0, 0, 0, 0, 0, 0, 0, 0, 0, 0, 0, 0, 0, 0, 0, 0, 0, 0, 0, 0, 0, 0, 0, 0, 0, 91, 0, 91, 0, 91, 0, 91, 0, 91, 0, 0, 0, 0, 0, 0, 0, 0, 0, 0, 0, 0, 0, 0, 0, 0, 0, 0, 0, 0, 0, 91, 0, 0, 0, 91, 0, 91, 0, 91, 0, 0, 0, 0, 0, 0, 0, 0, 0, 0, 0, 0, 0, 0, 0, 0, 0, 0, 0, 0, 0, 91, 0, 0, 0, 91, 0, 91, 0, 0, 0, 0, 0, 0, 0, 0, 0, 0, 0, 0, 0, 0, 0, 0, 0, 0, 0, 0, 0, 0, 0, 91, 0, 91, 0, 91, 0, 91, 0, 0, 0, 0, 0, 0, 0, 0, 0, 0, 0, 0, 0, 0, 0, 0, 0, 0, 0, 0, 0, 0, 0, 91, 0, 91, 0, 91, 0, 91, 0, 91, 0, 0, 0, 0, 0, 0, 0, 0, 0, 0, 0, 0, 0, 0, 0, 0, 0, 0, 0, 0, 0, 91, 0, 91, 0, 91, 0, 91, 0, 91, 0, 0, 0, 0, 0, 0, 0, 0, 0, 0, 0, 0, 0, 0, 0, 0, 0, 0, 0, 0, 0, 0, 0, 0, 0, 0, 0, 0, 0, 0, 0, 0, 0],
         "height":15,
         "name":"blocks",
         "opacity":1,
         "properties":
            {
             "collision":"true"
            },
         "type":"tilelayer",
         "visible":true,
         "width":15,
         "x":0,
         "y":0
        }, 
        {
         "height":15,
         "name":"objects",
         "objects":[
                {
                 "gid":66,
                 "height":0,
                 "name":"player1",
                 "properties":
                    {
                     "frame":"65",
                     "group":"players",
                     "number_of_bombs":"1",
                     "number_of_lives":"3",
                     "texture":"player_spritesheet",
                     "walking_speed":"50"
                    },
                 "type":"player",
                 "visible":true,
                 "width":0,
                 "x":16,
                 "y":32
                }, 
                {
                 "gid":18,
                 "height":0,
                 "name":"enemy2",
                 "properties":
                    {
                     "axis":"y",
                     "direction":"-1",
                     "group":"enemies",
                     "texture":"enemy_spritesheet",
                     "walking_distance":"64",
                     "walking_speed":"32"
                    },
                 "type":"enemy",
                 "visible":true,
                 "width":0,
                 "x":176,
                 "y":160
                }, 
                {
                 "gid":18,
                 "height":0,
                 "name":"enemy0",
                 "properties":
                    {
                     "axis":"x",
                     "direction":"-1",
                     "group":"enemies",
                     "texture":"enemy_spritesheet",
                     "walking_distance":"64",
                     "walking_speed":"32"
                    },
                 "type":"enemy",
                 "visible":true,
                 "width":0,
                 "x":144,
                 "y":64
                }, 
                {
                 "gid":18,
                 "height":0,
                 "name":"enemy1",
                 "properties":
                    {
                     "axis":"y",
                     "direction":"1",
                     "group":"enemies",
                     "texture":"enemy_spritesheet",
                     "walking_distance":"64",
                     "walking_speed":"32"
                    },
                 "type":"enemy",
                 "visible":true,
                 "width":0,
                 "x":80,
                 "y":96
                }, 
                {
                 "gid":18,
                 "height":0,
                 "name":"enemy3",
                 "properties":
                    {
                     "axis":"x",
                     "direction":"1",
                     "group":"enemies",
                     "texture":"enemy_spritesheet",
                     "walking_distance":"64",
                     "walking_speed":"32"
                    },
                 "type":"enemy",
                 "visible":true,
                 "width":0,
                 "x":48,
                 "y":192
                }, 
                {
                 "height":16,
                 "name":"target0",
                 "properties":
                    {
                     "group":"targets",
                     "texture":"target_image"
                    },
                 "type":"target",
                 "visible":true,
                 "width":18,
                 "x":206,
                 "y":49
                }, 
                {
                 "height":16,
                 "name":"target1",
                 "properties":
                    {
                     "group":"targets",
                     "texture":"target_image"
                    },
                 "type":"target",
                 "visible":true,
                 "width":18,
                 "x":16,
                 "y":144
                }, 
                {
                 "gid":66,
                 "height":0,
                 "name":"player2",
                 "properties":
                    {
                     "frame":"65",
                     "group":"players",
                     "number_of_bombs":"1",
                     "number_of_lives":"3",
                     "texture":"player_spritesheet",
                     "walking_speed":"50"
                    },
                 "type":"player",
                 "visible":true,
                 "width":0,
                 "x":208,
                 "y":224
                }],
         "opacity":1,
         "type":"objectgroup",
         "visible":true,
         "width":15,
         "x":0,
         "y":0
        }],
 "orientation":"orthogonal",
 "properties":
    {

    },
 "tileheight":16,
 "tilesets":[
        {
         "firstgid":1,
         "image":"..\/images\/bomberman_spritesheet.png",
         "imageheight":96,
         "imagewidth":256,
         "margin":0,
         "name":"bomberman_spritesheet",
         "properties":
            {

            },
         "spacing":0,
         "tileheight":16,
         "tilewidth":16
        }],
 "tilewidth":16,
 "version":1,
 "width":15
}