[
    {"required_exp": 100, "stats_increase": {"attack": 1, "defense": 1, "speed": 1, "health": 10} },
    {"required_exp": 200, "stats_increase": {"attack": 1, "defense": 1, "speed": 1, "health": 10} },
    {"required_exp": 300, "stats_increase": {"attack": 1, "defense": 1, "speed": 1, "health": 10} },
    {"required_exp": 400, "stats_increase": {"attack": 1, "defense": 1, "speed": 1, "health": 10} },
    {"required_exp": 500, "stats_increase": {"attack": 1, "defense": 1, "speed": 1, "health": 10} },
    {"required_exp": 600, "stats_increase": {"attack": 1, "defense": 1, "speed": 1, "health": 10} }
]