{
    "world": {
        "origin_x": 0,
        "origin_y": 0,
        "width": 360,
        "height": 640
    },
    "assets": {
        "space_image": { "type": "image", "source": "assets/images/space.png" },
        "ship_image": { "type": "image", "source": "assets/images/player.png" },
        "bullet_image": { "type": "image", "source": "assets/images/bullet.png" },
        "enemy_spritesheet": { "type": "spritesheet", "source": "assets/images/green_enemy.png", "frame_width": 50, "frame_height": 46, "frames": 3, "margin": 1, "spacing": 1 }
    },
    "groups": [
        "ships",
        "player_bullets",
        "enemies",
        "enemy_bullets",
        "enemy_spawners",
        "hud"
    ],
    "prefabs": {
        "ship": {
            "type": "ship",
            "position": {"x": 180, "y": 600},
            "properties": {
                "texture": "ship_image",
                "group": "ships",
                "velocity": 200,
                "shoot_rate": 5,
                "bullet_velocity": 500
            }
        },
        "enemy_spawner": {
            "type": "enemy_spawner",
            "position": {"x": 0, "y": 100},
            "properties": {
                "texture": "",
                "group": "enemy_spawners",
                "spawn_interval": 1,
                "enemy_properties": {
                    "texture": "enemy_spritesheet",
                    "group": "enemies",
                    "velocity": 50,
                    "shoot_rate": 2,
                    "bullet_velocity": 300
                }
            }
        }
    },
    "game_stats_data": {
        "position": {"x": 180, "y": 300},
        "text_style": {"font": "28pt Arial", "fill": "#FFFFFF"},
        "game_stats": {
            "shots_fired": {"text": "Shots fired: ", "value": 0},
            "enemies_spawned": {"text": "Enemies spawned: ", "value": 0}
        },
        "listeners": [
            {"group": "ships", "signal": "onShoot", "stat_name": "shots_fired", "value": 1},
            {"group": "enemy_spawners", "signal": "onSpawn", "stat_name": "enemies_spawned", "value": 1}
        ]
    }
}