{
    "assets": {
        "background_image": {"type": "image", "source": "assets/images/background.png"}
    },
    "groups": [
        "background",
        "hud",
        "menu_items"
    ],
    "prefabs": {
        "background": {
            "type": "background",
            "position": {"x": 0, "y": 0},
            "properties": {
                "texture": "background_image",
                "group": "background"
            }
        },
        "classic_item": {
            "type": "start_game_item",
            "position": {"x": 0.5, "y": 0.6},
            "properties": {
                "text": "Classic mode",
                "style": {"font": "32px Shojumaru", "fill": "#FFF"},
                "group": "menu_items",
                "level_file": "assets/levels/classic.json",
                "state_name": "ClassicState"
            }
        },
        "time_item": {
            "type": "start_game_item",
            "position": {"x": 0.5, "y": 0.8},
            "properties": {
                "text": "Time attack mode",
                "style": {"font": "32px Shojumaru", "fill": "#FFF"},
                "group": "menu_items",
                "level_file": "assets/levels/time_attack.json",
                "state_name": "TimeAttackState"
            }
        }
    }
}