{ "height":15,
 "layers":[
        {
         "data":[1, 1, 1, 1, 1, 1, 1, 1, 1, 1, 1, 1, 1, 1, 1, 1, 1, 1, 1, 1, 1, 1, 1, 1, 1, 1, 1, 1, 1, 1, 1, 1, 1, 1, 3, 3, 3, 3, 3, 1, 1, 1, 1, 1, 1, 1, 1, 1, 1, 1, 1, 1, 1, 1, 3, 3, 3, 3, 3, 1, 1, 1, 1, 1, 1, 1, 1, 1, 1, 1, 1, 1, 1, 1, 3, 3, 3, 3, 3, 1, 1, 1, 1, 1, 1, 1, 1, 1, 1, 1, 1, 1, 1, 1, 3, 3, 3, 3, 3, 1, 1, 1, 1, 1, 1, 1, 1, 1, 1, 1, 1, 1, 1, 1, 3, 3, 3, 3, 3, 1, 1, 1, 1, 1, 1, 1, 1, 1, 1, 1, 1, 1, 1, 4, 3, 3, 3, 3, 3, 1, 1, 1, 1, 1, 1, 1, 1, 1, 1, 1, 1, 1, 1, 4, 3, 3, 3, 3, 3, 1, 1, 1, 1, 1, 1, 1, 1, 1, 1, 1, 1, 1, 1, 4, 3, 3, 3, 3, 3, 1, 1, 1, 1, 1, 1, 1, 1, 1, 1, 1, 1, 1, 1, 4, 3, 3, 3, 3, 3, 1, 1, 1, 1, 1, 1, 1, 1, 1, 1, 1, 1, 1, 1, 1, 3, 3, 3, 3, 3, 1, 1, 1, 1, 1, 1, 1, 1, 1, 1, 1, 1, 1, 1, 1, 3, 3, 3, 3, 3, 1, 1, 1, 1, 1, 1, 1, 1, 1, 1, 1, 1, 1, 1, 1, 3, 3, 3, 3, 3, 1, 1, 1, 1, 1, 1, 1, 1, 1, 1, 1, 1, 1, 1, 1, 3, 3, 3, 3, 3, 1, 1, 1, 1, 1, 1, 1, 1, 1, 1, 1, 1, 1, 1, 1, 1, 1, 1, 1, 1, 1],
         "height":15,
         "name":"background",
         "opacity":1,
         "type":"tilelayer",
         "visible":true,
         "width":20,
         "x":0,
         "y":0
        }, 
        {
         "data":[12, 12, 12, 12, 12, 12, 12, 12, 12, 12, 12, 12, 12, 5, 5, 5, 5, 5, 5, 5, 12, 0, 0, 0, 0, 0, 0, 0, 0, 0, 0, 0, 0, 5, 0, 3, 9, 0, 0, 5, 12, 0, 0, 0, 0, 0, 10, 0, 0, 0, 0, 13, 0, 5, 0, 0, 9, 0, 0, 5, 12, 0, 0, 0, 2, 2, 2, 2, 2, 2, 0, 0, 0, 5, 0, 0, 9, 0, 0, 5, 12, 0, 0, 0, 2, 2, 2, 2, 2, 2, 0, 0, 0, 5, 0, 0, 9, 0, 0, 5, 12, 0, 0, 0, 2, 2, 2, 2, 2, 2, 0, 0, 0, 5, 0, 0, 0, 0, 0, 5, 12, 0, 0, 0, 0, 0, 0, 0, 0, 0, 0, 0, 0, 0, 0, 0, 0, 0, 0, 5, 12, 0, 0, 0, 0, 0, 0, 0, 0, 0, 0, 10, 0, 0, 0, 0, 0, 0, 0, 5, 12, 0, 0, 0, 0, 0, 0, 0, 0, 0, 0, 0, 0, 0, 0, 0, 0, 0, 0, 5, 12, 0, 13, 0, 0, 0, 0, 0, 0, 0, 0, 0, 0, 0, 0, 0, 0, 0, 0, 5, 12, 0, 0, 0, 0, 0, 0, 0, 0, 0, 0, 0, 0, 5, 0, 0, 0, 0, 0, 5, 12, 0, 0, 0, 10, 0, 0, 0, 0, 13, 0, 0, 0, 5, 0, 0, 0, 0, 0, 5, 12, 0, 0, 0, 0, 0, 0, 0, 0, 0, 0, 0, 0, 5, 0, 0, 0, 0, 0, 5, 12, 0, 0, 0, 0, 0, 0, 0, 0, 0, 0, 0, 0, 5, 0, 0, 0, 0, 0, 5, 12, 12, 12, 12, 12, 12, 12, 12, 12, 12, 12, 12, 12, 5, 5, 5, 5, 5, 5, 5],
         "height":15,
         "name":"collision",
         "opacity":1,
         "properties":
            {
             "collision":"true"
            },
         "type":"tilelayer",
         "visible":true,
         "width":20,
         "x":0,
         "y":0
        }, 
        {
         "height":15,
         "name":"objects",
         "objects":[
                {
                 "gid":16,
                 "height":0,
                 "name":"hero",
                 "properties":
                    {
                     "attack":"1",
                     "defense":"1",
                     "group":"heroes",
                     "health":"100",
                     "money":"0",
                     "texture":"hero_spritesheet",
                     "walking_speed":"150"
                    },
                 "type":"hero",
                 "visible":true,
                 "width":0,
                 "x":80,
                 "y":120
                }, 
                {
                 "gid":6,
                 "height":0,
                 "name":"potion0",
                 "properties":
                    {
                     "group":"items",
                     "health":"10",
                     "texture":"potion_image"
                    },
                 "type":"item",
                 "visible":true,
                 "width":0,
                 "x":120,
                 "y":360
                }, 
                {
                 "gid":14,
                 "height":0,
                 "name":"weapon0",
                 "properties":
                    {
                     "attack":"1",
                     "group":"items",
                     "texture":"weapon_image"
                    },
                 "type":"item",
                 "visible":true,
                 "width":0,
                 "x":360,
                 "y":120
                }, 
                {
                 "gid":7,
                 "height":0,
                 "name":"shield0",
                 "properties":
                    {
                     "defense":"1",
                     "group":"items",
                     "texture":"shield_image"
                    },
                 "type":"item",
                 "visible":true,
                 "width":0,
                 "x":200,
                 "y":120
                }, 
                {
                 "gid":15,
                 "height":0,
                 "name":"chest0",
                 "properties":
                    {
                     "attack":"1",
                     "defense":"1",
                     "group":"items",
                     "money":"10",
                     "texture":"chest_image"
                    },
                 "type":"item",
                 "visible":true,
                 "width":0,
                 "x":280,
                 "y":360
                }],
         "opacity":1,
         "type":"objectgroup",
         "visible":true,
         "width":20,
         "x":0,
         "y":0
        }],
 "orientation":"orthogonal",
 "properties":
    {

    },
 "tileheight":40,
 "tilesets":[
        {
         "firstgid":1,
         "image":"..\/images\/terrains.png",
         "imageheight":80,
         "imagewidth":320,
         "margin":0,
         "name":"level_tileset",
         "properties":
            {

            },
         "spacing":0,
         "tileheight":40,
         "tilewidth":40
        }],
 "tilewidth":40,
 "version":1,
 "width":20
}