{
    "menu_items": {
        "classic_mode": {
            "position": {"x": 120, "y": 144},
            "properties": {
                "text": "Classic mode",
                "style": {"font": "16px Arial", "fill": "#FFF"},
                "group": "menu_items",
                "level_file": "assets/levels/level1.json",
                "state_name": "ClassicState"
            }
        },
        "battle_mode": {
            "position": {"x": 120, "y": 192},
            "properties": {
                "text": "Battle mode",
                "style": {"font": "16px Arial", "fill": "#FFF"},
                "group": "menu_items",
                "level_file": "assets/levels/battle_level.json",
                "state_name": "BattleState"
            }
        }
    },
    "groups": [
        "background",
        "menu_items",
        "hud"
    ]
}